Company name,Website URL,Street Address,City,State/Region,Postal Code,Industry,Wholesale Customer
Outshine Mobile Veterinary Holistic Care,,1438 Ridgewood Circle,Asheboro,NC,27203,Veterinary,Yes
Body Works Chiropractic & Wellness Center LLC,,2330 Windy Hill Rd,Marietta,GA,30067,"Health, Wellness and Fitness",Yes
SportFit K9 Conditioning and Rehab,,418 Village Commons Blvd,Georgetown,TX,78633,Retail,Yes
Idaho Access Wellness,,7101 Top Rim Way,Star,Idaho,83669,"Health, Wellness and Fitness",Yes
Outshine Mobile Veterinary Holistic Care,,1438 Ridgewood Circle,Asheboro,NC,27203,Veterinary,Yes
Oxbow Meats,oxbowmeats.com,2051 Harrodsburg Rd,Lawrenceburg,KY,40342,Retail,Yes
Heart Wing Veterinary Services,,18 Pine Street,Queensbury,NY,12804,Veterinary,Yes
Shrewsbury Family Chiropractic,,5 Timari Dr,Shrewsbury,MA,1545,"Health, Wellness and Fitness",Yes
Radiant Pulse Wellness,,55322 Washington St,Barnesville,OH,43713,"Health, Wellness and Fitness",Yes
Healthy Pets,healthpets.com,34501 Seventh St.,Union City,CA,94587,Retail,Yes
Pet Place Plus,www.petplaceplus.com,1645 Martin Lane,Jackson,WY,83002,Retail,Yes
Hardee Ranch Supply Inc,www.hardeeranchsupplyinc.com,1309 US Hwy 17,Wauchula,FL,33873,Retail,Yes
Aalatash Animal Hospital,aalatash.com,9805 NW 161st St,Alachua,FL,32615,Veterinary,Yes
Producers CO OP,www.producerstx.com,1744 S Seguin Ave,New Braunfels,Texas,78130,Retail,Yes
Imago Dei Health,imagodeihealth.com,755 W Carmel Dr,Carmel,Indiana,46032,"Health, Wellness and Fitness",Yes
Ruth's Bunkhouse,,28 North Tegner St,Wickenburg,AZ,85390,Retail,Yes
Full Quiver Intergrative Veterinary Solutions,,4431 Hwy E,Granby,MO,64844,Veterinary,Yes
Dogs of Anarchy,dogsofanarchyk9fitness.com,23273 Family Ln,Brooksville,FL,34602,Retail,Yes
Pawtopia,pawtopia.net,335 S Mustang Rd,Yukon,OK,73099,Retail,Yes
holisticpethealer.com,holisticpethealer.com,1932 Stony Garden Rd,Kitnersville,PA,18930,Veterinary,Yes
Canadensis Vet Clinic,canadensisvet.com,2560 Pennsylvania 390,CANADENSIS,PA,18325,Hospital & Health Care,Yes
Vance Chiropractic,vancechiro.net,851 Colorado Avenue,Republic,MO,65738,Hospital & Health Care,Yes
Hungry Critters,hungrycritters.com,3726 N Grimes St,Hobbs,NM,88240,Retail,Yes
Plant Ranch,,416 County Rd 5392,Concho,AZ,85924,Retail,Yes
J Heart Equine Services,,6497 County Rd 98,Wellington,CO,80549,,Yes
Brianne Jenks DVM,,8757 Langholm Rd,El Cajon,CA,92021,Veterinary,Yes
"LONE WOLF GROOMING,",lonewolfgrooming.com,1555 West Columbia Avenue,Battle Creek,MI,49015,Retail,Yes
Redline Ranch Feed & Supply LLC,ranchsupply.net,89155 Fairview Rd,Jewett,OH,43986,Retail,Yes
McDonald Supply Company,,4575 Hwy 49N,Concord,NC,28025,Retail,Yes
CanineNE,caninenewengland.com,21 Industrial Road,Walpole,MA,2071,Retail,Yes
Rainbow Blossom - Holiday Manor,,4946 Brownsboro Rd,Louisville,KY,40222,Retail,Yes
REP Rents,reprents.com,429 Haven Hill Rd,Shelbyville,KY,40066,Retail,Yes
SKYLINE EQUIPMENT,skyline-trailers.com,339 New Jersey 31,Washington,NJ,7882,Retail,Yes
MITA Functional Medicine ,mymitahealth.com,30772 Southview Drive,Evergreen,CO,80439,"Health, Wellness and Fitness",Yes
Mannsville Ag Center,,450 W Broadway,Mannsville,OK,73447,Retail,Yes
Southern Wave Therapy,,5220 Clay Palmerdale Rd,Pinson,AL,35126,Veterinary,Yes
"NE Indiana Equine Sports Massage & Rehab Therapy,",indianaequinemassage.com,4485 North 450 West,Decatur,IN,46733,Veterinary,Yes
Stock Up Supply,stockupsupply.com,5065 Arroyo Luis Dr,Bulverde,TX,78163,Retail,Yes
1st Choice Health and Wellness,1stchoicehealthandwellness.com,2441 State Street,New Albany,IN,47150,"Health, Wellness and Fitness",Yes
Lazy S Bar J Ranch,,19435 Balis Rd,Red Bluff,CA,96080,Retail,Yes
D & R Bucking Bulls,,2410 W Cordova Pl,Pahrump,NV,89060,Retail,Yes
White Oak Animal Hospital Baton Rouge,whiteoakah.com,2721 O'Neal Lane,Baton Rouge,LA,70816,Veterinary,Yes
FarmVet Wellington,,11300 Fortune Cir,Wellington,FL,33414,Retail,Yes
Exceptional Equestrian,myexeq.com,2501 South Mason Road,Katy,TX,77450,Retail,Yes
C&R Ag Supply,,631 E McClain Ave,Scottsburg,IN,47170,Retail,Yes
Potawatomi Zoo,potawatomizoo.org,500 South Greenlawn Avenue,South Bend,IN,46615,Museums and Institutions,Yes
Valley Vet Supply,,1118 Pony Express Hwy,Marysville,KS,66508,,Yes
Roche Equine Veterinary Services PA,,2151 E 3800 N,Filer,ID,83328,Veterinary,Yes
"Shanlyn Newman, DC",,4214 E Encanto St.,Mesa,AZ,85205,"Health, Wellness and Fitness",Yes
Josie Whipple,,19455 FM 986,Terrell,TX,75160,Retail,Yes
Kim Candace Klecak Studio #3,,7446 East Calico Trl,Orange,CA,92869,Retail,Yes
Green Valley Feed Animal Station,theanimalstation.com,121 Ewing Street,Centerburg,OH,43011,Retail,Yes
TNT Training Stables,,32360 Camas Swale Rd,Oregon,Creswell,97426,Retail,Yes
Soothe Solutions,shoppe826.com,451 HCR 2348,Abbott,TX,76621,Retail,Yes
Layman Veterinary Wellness Services,,206 Forest Ave,Wyoming,OH,45215,Veterinary,Yes
GMP Farm,gmpfarm.net,125 Sherman Lane,Schuylerville,NY,12871,Veterinary,Yes
Ultimate MD,ultimatemd.com,3945 Nanz Ave,Louisville,KY,40207,"Health, Wellness and Fitness",Yes
Big R Holdings,mybigr.com,1319 E MAIN ST,CORTEZ,CO,81321,Retail,Yes
Optimal Equine & Canine Massage,,1027 East County Road 650 S,Versailles,IN,47042,Retail,Yes
The Rhinestone Pony,,2283 Levee Rd,Mt. Sterling,KY,40353,Retail,Yes
Northwest Tennessee Veterinary Services,veterinaryservicestennessee.com,9840 Hwy 22,Dresden,TN,38225,Veterinary,Yes
Cowgirl Up with Green,cowgirlupwithgreen.com,7625 Finch Ave W,Brampton,ON,16T0B2,Retail,Yes
Heart & Hooves Horsemanship Arena & Obstacle Course,hearthooveshorsemanship.com,36105 State Hwy 6,Deer River,WI,56636,Retail,Yes
Bittersweet Arts Healing,,3455 Bittersweet Dr.,Jasper,IN,47546,Retail,Yes
The Bayberry Horse,thebayberryhorse.com,2260 Saluda Rd,Great Falls,SC,29055,Retail,Yes
Tackroom Treasures,shop.tackroomtreasures.com,242 Abbottstown St.,East Berlin,PA,17316,Retail,Yes
Tran Chiropractic,,240 W Caldwell Ave,Visalia,CA,93277,"Health, Wellness and Fitness",Yes
Savvy Pet Supply,https://www.savvypetparadise.com,152 W Tiverton Way,Lexington,KY,40503,Retail,Yes
Midway Chiropractic,midwaychiropracticky.com,132 E. Main St.,Midway,KY,40347,"Health, Wellness and Fitness",Yes
Chrysalis Acres,chrysalisacres.com,399 Pownal Road,Freeport,ME,4032,Retail,Yes
Paws on Chicon,pawsonchicon.com,1301 CHICON ST,Austin,TX,78702,Retail,Yes
Hutchinson Zoo ,hutchgov.com,125 East Avenue B,Hutchinson,KS,67501,"Leisure, Travel & Tourism",Yes
Pet Wants Lex,petwantslex.com,321 South Ashland Avenue,Lexington,KY,40502,Retail,Yes
Woof Gang Bakery,woofgangbakery.com,14900 Avery Ranch Blvd,Austin,Tx,78717,Retail,Yes
Feeders supply,feederssupply.com,1740 Research Drive,Louisville,KY,40204,Retail,Yes
Leedey Lumber & Farm Supply,leedeylumber.com,315 South Main Street,Leedey,OK,73654,Retail,Yes
Dr. Lisa Grim,drlisagrim.com,1991 Village Park Way #204a,Encinitas,CA,92024,Veterinary,Yes
Equine Services Llc,equineservicesllc.com,3515 U.S. 231,Shelbyville,TN,37160,Veterinary,Yes
Wolfe Equine,,4855 Petersburg Rd,Petersburg,KY,40422,Veterinary,Yes
Buffalo Trace Veterinary Service,buffalotracevet.com,159 Frankfort Street,Versailles,KY,40383,Veterinary,Yes
Middletown Animal Clinic,middletownanimalclinic.net,11423 Main Street,Middletown,KY,40243,Veterinary,Yes
Big Dee's Tack & Vet Supply,bigdweb.com,9440 Ohio 14,Streetsboro,OH,44241,Food & Beverages,Yes
Betz Veterinary Services ,betzvet.com,400 East King Avenue,Kingsland,GA,31548,Veterinary,Yes
Triple Crown Equine and Canine Therapies,,6562 Caliente Rd,Oak Hills,CA,92344,Retail,Yes
"The Animal Clinic, P.C.",theanimalcliniconline.com,3505 McGehee Road,Montgomery,AL,36111,Veterinary,Yes
By-Pass Animal Clinic,www.bypassanimalclinic.com,1401 Lexington Road,Richmond ,KY,40475,Veterinary,Yes
Nenn Equine,nennequine.com,2231 Applewood Ln,Santa Rosa Valley,CA,93012,Veterinary,Yes
Weakley County Animal Clinic,,110 Weldon Dr,Martin,TN,38237,Veterinary,Yes
Veterinary Associates-Stonefield,vetcity.com,203 Moser Road,Louisville,KY,40223,Veterinary,Yes
Valley Wide Coop,valleywidecoop.com,910 S Oneida St,Rupert,ID,83350,Retail,Yes
The Therapy Center East,therapycentereast.com,2415 Wall Street Southeast,Conyers,GA,30013,"Health, Wellness and Fitness",Yes
The Wellness Pharmacy,thewellnesspharmacy.com,2228 Papermill Road,Winchester,VA,22601,"Health, Wellness and Fitness",Yes
T.H.E. Cat Hospital,thecathospital.com,3069 Edinger Avenue,Tustin,CA,92780,Veterinary,Yes
Team Equine,teamequine.com,33750 South Dickey Prairie Road,Molalla,OR,97038,Retail,Yes
Sunshine Chiropractic Clinic,sunshinehealthclinic.com,380 High Street,Maryville,TN,37804,"Health, Wellness and Fitness",Yes
Silverthorn Animal Clinic,silverthornvet.com,14263 Powell Road,Spring Hill,FL,34609,Veterinary,Yes
Sierra Feed & Saddlery,,"7460 S Virginia St, Reno",Reno,NV,89511,Retail,Yes
Scratching Post Cat Hospital,goodcats.com,133 West Franklin Street,Centerville,OH,45459,Veterinary,Yes
S&D Genetics,,15722 Hwy 26,Lisco,NE,69148,Retail,Yes
Southern Equine Expo,runninghardproducts.com,70905 Stubey Rd,Sturgis,MI,49091,Retail,Yes
"Reubinsville Farmers Feed Mill, Inc.",reubinsvillefeed.com,5354 Old Highway 52,Portland,TN,37148,Retail,Yes
Post's Feed and Supply,triplelfeed.com,13700 N Sandario Rd,Marana,AZ,85653,Retail,Yes
Picayune Veterinary Clinic,picayuneveterinaryclinic.com,2507 Mississippi 43,Picayune,MS,39466,Veterinary,Yes
Nature's Tails,,8876 Burkshire Place,Lakeside,CA,92040,Retail,Yes
"Monighetti's Farrier, Feed & Pet",805pets.com,545 Avenue Of The Flags,Buellton,CA,93427,Retail,Yes
L & W Western Store,,1665 S Falls Blvd,Wynne,AR,72396,Retail,Yes
Kugler Supply,,0383 County Rd 31,Ashley,IN,46705,Retail,Yes
Durango Equine Lloyd Kloppe DVM,durangoequine.com,20908 West Durango Street,Buckeye,AZ,85326,Veterinary,Yes
Healistic Healthcare,healistichealth.com,2122 Veterans Memorial Parkway South,Lafayette,IN,47909,"Health, Wellness and Fitness",Yes
Healing Paws Veterinary Rehabilitation,healingpawsri.com,1275 Westminster Street,Providence,RI,2909,Veterinary,Yes
Hadley's,hadleywraps.com,1320 Elm Avenue,CaÃ±on City,CO,81212,Retail,Yes
Greenwood Feed,greenwoodfeed.com,9429 GREENWOOD RD,Greenwood,LA,71033,Retail,Yes
Gibbs Farm and Garden,,1048 West Third St,Forst,MS,39074,Retail,Yes
Four Corners Saddlery,fourcornerssaddlery.squarespace.com,225 Varick Street,New York,NY,10014,Retail,Yes
Fair Feed and Supply,4animalsnearme.com,105 SE Lynn Blvd.,Prineville,OR,97754,Retail,Yes
Equine Tack & Nutritionals,equinetnn.com,4911 Lyons Tech Pkwy,Coconut Creek,FL,33073,Retail,Yes
Elmwood Pet Supplies,elmwoodpet.com,706 Elmwood Avenue,Buffalo,NY,14222,Retail,Yes
East Hills Feed & Supply,,7500 Muller Rd,Bakersfield,CA,93307,Retail,Yes
East Bay Veterinary Services,louisewechsler.com,51 Blockhouse Ln,Little Compton,RI,2837,Veterinary,Yes
Divine Health,drcolbert.com,1908 Boothe Circle,Longwood,FL,32746,"Health, Wellness and Fitness",Yes
Discount Boots and Tack,,1931 N Ewing St,Seymour,IN,47274,Retail,Yes
Cross Brands Feed,crossalfalfa.com,6203 N Bryant Ave,Oklahoma City,OK,73121,Retail,Yes
Calera Animal Hospital,caleraanimalhospital.com,9370 Highway 25,Calera,AL,35040,Veterinary,Yes
Broken Horn,brokenhorn.com,1022 Leorita St,Baldwin Park,CA,917006,Retail,Yes
Big Horse Feed and Mercantile,bighorsefeed.com,33320 Temecula Parkway,Temecula,CA,92592,Retail,Yes
BAYSIDE VETERINARY CARE,baysidevetcare.com,233 Waseca Avenue,Barrington,RI,2806,Veterinary,Yes
"Bark Easy Pet Grooming, LLC",barkeasy.com,3 Market Place,Hollis,NH,3049,Retail,Yes
A to Z Vet Supply,atozvetsupply.com,9876 Tennessee 22,Dresden,TN,38225,Veterinary,Yes
A-Line Chiropractic,,1506 Park St,Paso Robles,CA,93446,"Health, Wellness and Fitness",Yes
Crazy R Tack & Western Wear,www.crazyrtack.com,1015 Market St,Prospect,TN,38477,Retail,Yes
Rockin W Saddlery,rockinwsaddlery.com,120 Warlands Creek Rd,Blandford,NSW,2338,Retail,Yes
Luckett's Tack Shop,,3735 S 4th St,Louisville,KY,40214,Retail,Yes
Churchill Vet Supply,,3737 S 4th St,Louisville,KY,40214,Retail,Yes
Lexington Veterinary Rehabilitation,lexvetrehab.com,102 Dennis Dr.,Lexington,KY,40503,Veterinary,Yes
Mason Feed Store,masonfeedstore.com,130 Austin Street,Mason,TX,76856,Retail,Yes
Creature Comfort Holistic Veterinary Center,creaturecomfort.com,2501 MacArthur Boulevard,Oakland,CA,94602,Veterinary,Yes
Carter's Hay and Grain,cartershay.com,10704 Palm Row Dr,Lakeside,CA,92040,Retail,Yes
Bay City Veterinary Clinic & Equine Hospital,baycityvet.com,4501 7th Street,Bay City,TX,77414,Veterinary,Yes
Alabama Performance Horse Services,,201 Mockingbird Ln,Pike Road,AL,36064,Veterinary,Yes
Aiken Animal Hospital,aikenanimalhospital.com,1181 Banks Mill Road Southeast,Aiken,SC,29803,Veterinary,Yes
Countryside Veterinary Services,countrysidevets.com,3435 Maughon Road,Covington,GA,30014,Hospital & Health Care,Yes
Performance Horse Complementary Medicine Services PLLC,horsvet.com,6520 E County Rd 44,Fort Collins,CO,80524,Veterinary,Yes
Life Extend Method,lifeextendmethod.com,1342 Florida 60,Lake Wales,FL,33853,"Health, Wellness and Fitness",Yes
JTs Quarter Horses,jtsquarterhorses.com,3501 S. Pixley Knob Rd,Henryville,IN,47126,Retail,Yes
VWC Lexington,www.vwclexington.com,466 Angliana Avenue,Lexington,KY,40508,Veterinary,Yes
Swifty Farms,swiftyfarms.com,351 South Us Highway 31,Seymour,IN,47274,Veterinary,Yes
"James Hunt, DVM & Associates",,2150 Hempstead Tpke,Elmont,NY,11003,Veterinary,Yes
Animal House Veterinary Clinic,animalhousevc.com,13068 U.S. 281,Spring Branch,TX,78070,Veterinary,Yes
Green Tree Animal Hospital,gtahvet.com,4371 Old Harrodsburg Road,Lexington,KY,40513,Veterinary,Yes
Lowryâ€™s Western Shop,lowryswesternshop.com,935 Henderson Avenue,Washington,PA,15301,Retail,Yes
The Hay Rack,thehayrack.com,325 W. Rutherford St.,Landrum,SC,29356,Retail,Yes
AikenSaddlery,aikensaddlery.com,1044 East Pine Log Road,Aiken,SC,29803,Retail,Yes
"R & J Feed Supply Co. , INC",randjfeed.com,1030 South Highland Avenue,Jackson,TN,38301,Retail,Yes
obioncoop.com,obioncoop.com,810 Mount Zion Rd,Union City,TN,38261,Retail,Yes
First Farmers Co-op,firstfarmerscoop.com,16219 HIGHWAY 22 NORTH,LEXINGTON,TN,38351,Retail,Yes
Eads Animal Hospital,vcaeadsanimalhospital.vetsourcecms.com,3210 Cypress Ridge Dr,Eads,TN,38028,Veterinary,Yes
Master Made Feeds,mastermadefeeds.homestead.com,702 S. main St,Grapevine,TX,76051,Retail,Yes
Center Veterinary Clinic,centerveterinaryclinic.com,8977 Mira Mesa Boulevard,San Diego,CA,92126,Veterinary,Yes
BarNone CountryStore,barnonecountrystore.com,7991 Highway 6,Woodway,TX,76712,Retail,Yes
PURE HEALTH AND WELLNESS,purehealthwellness.org,750 Schneider,Cibolo,TX,78108,"Health, Wellness and Fitness",Yes
Jimmie Stanzel Training Center,jimmiestanzel.com,8803 Farm to Market 359,Richmond,TX,77406,Retail,Yes
Sam's Western Store,beaumontcvb.com,5090 College Street,Beaumont,TX,77707,Retail,Yes
Tri County Feeds,tricountyfeeds.com,7408 John Marshall Highway,Marshall,VA,20115,Retail,Yes
"Northside Ranch, Pet & Garden Center",northside-ranch.com,5705 N Main,Victoria,TX,77904,Retail,Yes
Rio Rico Ranch Veterinary,rioricoranchvet.com,2112 W University 1320,Edinburg,TX,78539,Veterinary,Yes
Wilkinson Vet Clinic,wilkinsonvetclinic.com,15349 U.S. 281,Premont,TX,78375,Veterinary,Yes
Woodlands Chiropractic,woodlandscc.net,8700 U.S. 380,Cross Roads,TX,76227,"Health, Wellness and Fitness",Yes
Woodlands Wellness,woodlandswellness.com,2829 Technology Forest Boulevard,Spring,TX,77381,"Health, Wellness and Fitness",Yes
St Hedwig Feed & Supply,sthedwigfeed.com,540 East FM 1518 South,Saint Hedwig,TX,78152,Retail,Yes
West Texas RX,westtexasrx.com,3211 S COULTER ST,AMARILLO,TX,79106,Retail,Yes
"WILLIAMS GIN & GRAIN, INC.",williamsginandgrain.com,15980 W Hwy 22,Frost,TX,76641,Retail,Yes
Rawhide Coffee Co,rawhidecoffeeco.com,1227 Sheridan Ave,Cody,WY,82414,Retail,Yes
High Country Veterinary Service,highcountryvetco.com,275 Blue Sky Hwy,Lander,WY,82520,Veterinary,Yes
Northern Lights Chiropractic,northernlightschiro.com,2388 Wisconsin 35,Osceola,WI,54020,"Health, Wellness and Fitness",Yes
Bob Greczanik Acupuncture,energeticsportslab.com,2025 112th Ave NE,Bellevue,WA,98004,"Health, Wellness and Fitness",Yes
Ziegler Lumber Co,ziggys.com,620 East Holland Avenue,Spokane,WA,99218,Retail,Yes
Elma Feed and Farm Supply,frommfamily.com,424 N. Second St,Elma,WA,98541,Retail,Yes
Detro's Western Store,detroswesternstore.com,107 Main St,Riverside,WA,98849,Retail,Yes
"HOPE VETERINARY CARE, INC",hopeveterinarycare.com,62 HOPE AVE,Hope,RI,2831,Veterinary,Yes
Hartland Animal Hospital,hartlandanimalhospital.com,6425 South Jackson Highway,Horse Cave,KY,42749,Veterinary,Yes
Jeffers,jefferspet.com,310 West Saunders Road,Dothan,AL,36301,Retail,Yes
Cattleman's Resource,yourlivestock.com,223 Colorado Avenue,Brush,CO,80723,Veterinary,Yes
Maki Products,,23 Tiki Dr,Palm Springs,CA,92264,Retail,Yes
Desert Health and Wellness,deserthealthandwellness.com,71-687 Hwy 111,Rancho Mirage,CA,92270,"Health, Wellness and Fitness",Yes
Diamond K Saddlery,diamondksaddlery.com,4936 Heather Hills Lane,Oakdale,CA,95361,Retail,Yes
Central Coast Trailers,centralcoasttrailers.com,950 Paso Robles St,Paso Robles,CA,93446,Retail,Yes
Carousel Saddlery,shop.carouselsaddlery.com,884 Portola Road,Portola Valley,CA,94028,Retail,Yes
Calabasas Saddlery,calabasassaddlery.com,23998 Craftsman Road,Calabasas,CA,91302,Retail,Yes
Broken Bow Livestock,brokenbowlivestock.com,2201-D N Hwy 101,Buellton,CA,69138,Retail,Yes
R HAY & GRAIN,rhayandgrain.com,535 Opper St,Escondido,CA,92029,Retail,Yes
American Horse Products,americanhorseproducts.com,27959 Cabot Road,Laguna Niguel,CA,92675,Retail,Yes
Marys Tack & Feed,marystack.com,3675 Via De La Valle,Del Mar,CA,92014,Retail,Yes
DENNIS REIS,reisranch.com,411 Highland Avenue,Penngrove,CA,94951,Retail,Yes
Serrano Creek Ranch Equestrian Center,serranocreekranch.com,25200 Trabuco Road,Lake Forest,CA,92630,Retail,Yes
Veterinary Holistic Center,vhcnova.com,7950 Woodruff Court,North Springfield,VA,22151,Veterinary,Yes
Nutragroup,nutragroup.fr,216 Ryan Way,South San Francisco,CA,94080,Retail,Yes
Sierra Gateway Veterinary Clinic,sierragatewayvet.com,7440 E. California 140,Merced,CA,95340,Veterinary,Yes
Ark Valley Chiropractic,drjerrilea.net,12 East 10th St,La Junta,CO,81050,"Health, Wellness and Fitness",Yes
"PIKES PEAK ANIMAL SUPPLY, INC.",pikespeakanimalsupply.com,5286 EDISON,Colorado Springs,CO,80915,Retail,Yes
Rampart Feed & Pet,rampartfeed.com,1233 Park Street,Castle Rock,CO,80109,Retail,Yes
Mesa Chiropractic,mesachiropractic.org,2403 Santa Fe Dr,Pueblo,CO,81006,"Health, Wellness and Fitness",Yes
Diamond L Supply,diamondlsupply.com,1561 W HWY 4,Council Grove,KS,66846,Retail,Yes
Waimanalo Feed Supply,waimanalofeedsupply.com,41-1560 KalanianaÊ»ole Highway,Waimanalo,HI,96795,Retail,Yes
DLT Ranch LLC,dltstables.com,41-486 Hihimanu St,Waimanalo,HI,96795,Retail,Yes
"Equine & Farm Supply, Home of Eq Feeds",eqfeeds.com,1114 North 1250 East Road,Taylorville,IL,62568,Retail,Yes
McKinney's Western Store,mckinneyswesternstore.com,900 Halfway Road,Marion,IL,62959,Retail,Yes
Feed-N-Time Feeds,feedntimefeeds.com,1295 E 3300 N Rd,Chebanese,IL,60922,Retail,Yes
South Central FS,southcentralfs.com,629 PO Box,Effingham,IL,62401,Retail,Yes
Holliday Chiropractic,hollidaychirocare.com,930 West North Street,Kendallville,IN,46755,"Health, Wellness and Fitness",Yes
Frederick Family Chiropractic,munciechiropractic.com,4721 Wheeling Avenue,Muncie,IN,47304,"Health, Wellness and Fitness",Yes
Williams Chiropractic Clinic,,3819 Kentucky Ave,Indianapolis,IN,46221,"Health, Wellness and Fitness",Yes
Deno's Farm and Feed,denolivestock.com,4055 North State Rd 39,Danville,IN,46122,Retail,Yes
Bowman Feed and Supply,,8736 N Old Hwy 231,Linden,IN,47955,Retail,Yes
"JOHNSON CHIROPRACTIC, INC",johnsonchiropracticwarsaw.com,427 E FORT WAYNE ST,Warsaw,IN,46580,"Health, Wellness and Fitness",Yes
Old Friends Equine,oldfriendsequine.org,1841 Paynes Depot Road,Georgetown,KY,40324,Retail,Yes
"Equine Medical Associates, PSC",eqmedical.com,996 Nandino Boulevard,Lexington,KY,40511,Veterinary,Yes
High Plains Vet Clinic Inc,,966 10th Ave SE,Sidney,MT,59270,Veterinary,Yes
Branchburg Animal Hospital,branchburganimalhospital.com,1167 Easton Turnpike,Branchburg,NJ,8876,Veterinary,Yes
One Stop Feed Inc.,,400 S. Hull,Clovis,NM,88101,Retail,Yes
Moore Equine Feed & Supply,mooreequine.com,1012 N May St,Southern Pines,NC,28387,Retail,Yes
Monroe Hardware,monroehardware.com,101 N Sutherland Ave,Monroe,NC,28110,Retail,Yes
Beck and Blackley Chiropractic Clinic,beckandblackleychiro.com,578 Farringdom Street,Lumberton,NC,28358,"Health, Wellness and Fitness",Yes
JK Ranch Supply,jkranchsupply.com,14316 BELLE VALLEY RD,Caldwell,OH,43724,Retail,Yes
Ohio Valley Animal Clinic,theovac.com,3935 Union Ave,Pomeroy,OH,45769,Veterinary,Yes
STIEGLER CHIROPRACTIC,stieglerchiropractic.com,1927 Maysville Avenue,Zanesville,OH,43701,"Health, Wellness and Fitness",Yes
Wilson Feed Mill Inc,,7604 Canal Rd,Valley View,OH,44125,Retail,Yes
Saltwell Western Store,saltwellwesternstore.com,2000 Seven Mile Dr,New Philadelphia,OH,44663,Retail,Yes
Sellwood Pet Supply,sellwoodpetsupply.com,8334 Southeast 17th Avenue,Portland,OR,97202,Retail,Yes
Pioneer Feeds,pioneerfeed.net,21605 Northeast 10th Avenue,Ridgefield,WA,98642,Retail,Yes
Central Oregon Ranch Supply,centraloregonranchsupply.com,1726 South Highway 97,Redmond,OR,97756,Retail,Yes
Animal Crackers Pet Supply,animalcrackerspetsupply.com,949 NW Kings Blvd,Corvallis,OR,97330,Retail,Yes
Hope Equestrian Center,hopeequestrian.com,716 Riley Road,Eagle Point,OR,97524,Retail,Yes
True Health Medicine,truehealthmedicine.com,8555 Southwest Tualatin Road,Tualatin,OR,97062,Retail,Yes
Kahn Chiropractic Clinic,,642 Lincoln St,Eugene,OR,97401,"Health, Wellness and Fitness",Yes
Royal Treatment Veterinary Center,royaltreatmentveterinarycenter.com,4130 North Rockwell Street,Chicago,IL,60618,Veterinary,Yes
Show Horse Tack,showhorsetack.com,2251 Dequincy Street,Indianapolis,IN,46218,Retail,Yes
Trogdon Showpigs,trogdonshowpigs.com,5189 North 2200th Street,Paris,IL,61944,Retail,Yes
The Orsum Group,theorsumgroup.com,30 N Gould St.,Sheridan,WY,82801,Retail,Yes
TLC FIRST ANIMAL HOSPITAL,tlcfirst.com,6468 North Milwaukee Avenue,Chicago,IL,60631,Veterinary,Yes
Triple L Tack,,2236 68th Ave NW,Ryder,ND,58779,Retail,Yes
Midwest Performance Therapy,,14011 Summit Lane,Plattsmouth,NE,68048,Veterinary,Yes
Mzm distributions,mzmdistributions.com,13720 Midway Rd #108,Dallas,TX,75244,Retail,Yes
Mary's Health Hut,,2024 Ridge Rd,Homewood,IL,60430,Retail,Yes
LePetite Pooch DBA LPP Feed & Hay,lppfeedandhay.net,2410 James L Redman Pkwy,Plant City,FL,33566,Retail,Yes
Future Fitness and Wellness,futurefitnessandwellness.com,705 Daneshall Dr,Louisville,KY,40206,"Health, Wellness and Fitness",Yes
"Farm and Home Service, INC",farmandhomeservice.com,7625 Main Street,Sykesville,MD,21784,Retail,Yes
"EVANS FEED & LIVESTOCK SUPPLY, INC",evansfeed.com,241 South E Street,Madera,CA,93638,Retail,Yes
Equine Skeletal/Muscle Alignment,,6 Goodness St,Webster,MA,1570,Veterinary,Yes
Yoder Blacksmith Supplies LLC,,8900 Township Rd 652,Fredericksburg,OH,44627,Retail,Yes
Woodys Feed and Grain,woodysfeed.com,28 South 7th Ave West,Dickinson,ND,58601,Retail,Yes
Woodlake Growers Supply Inc,,174 East Naranto,Woodlake,CA,93286,Retail,Yes
The Willow Creek Trading Post,,899 County Rd 35,Jefferson,CO,80456,Retail,Yes
Veterinary Services Inc,vsi.cc,4100 Bangs Ave,Modesto,CA,97321,Veterinary,Yes
RPF Livestock & Show Products,,375 S Hwy 27,Burley,ID,83318,Retail,Yes
Ranch Hand Feed & Supply,,300 S. Stemmons St,Sanger,TX,76266,Retail,Yes
Marne Elk Horn,metc.net,4242 Main Street,Elk Horn,IA,51531,Retail,Yes
"R & B Feeds, LLC",,200 Oak St,Atlantic,IA,50022,Retail,Yes
PITTSBURG CHIROPRACTIC CENTER LLC,pittsburgchiropractic.com,302 E 4TH ST,Pittsburg,KS,66762,"Health, Wellness and Fitness",Yes
Pet Wants,petwants.com,3831 Ruckriegel Pkwy,Jeffersontown,KY,40299,Retail,Yes
Performance Equine Health,,4400 E. Co. Rd. 12,Bloomville,OH,44818,Veterinary,Yes
New Life Vitamins,newlifevitamins.com,277 Douglas Avenue,Sanford,FL,32771,"Health, Wellness and Fitness",Yes
Integrity Chiropractic Inc,integritychirowv.com,300 Rural Acres Drive,Beckley,WV,25801,"Health, Wellness and Fitness",Yes
Horseshoe Health & Medicine,horseshoehealth.com,600 Market Street,Horseshoe Bend,AR,72512,"Health, Wellness and Fitness",Yes
Hopf Chiropractic,,7069 W 300 N,Jasper,IN,47546,"Health, Wellness and Fitness",Yes
Hwy 20 Feed,highway20feed.com,31800 State Highway 20,Fort Bragg,CA,95437,Retail,Yes
HRH Tack & Supplies LLC,,9764 Gravel Hill Road,Edison,NJ,8837,Retail,Yes
Grifs Western,grifswestern.com,6211 Orange Drive,Davie,FL,33314,Retail,Yes
Derek's Goods,Dereks-Goods.com,6548 West 49th Street,Mission,KS,66202,Retail,Yes
CPC Animal Health,cpcanimalhealth.com,680 Edgefield Rd,Cowpens,SC,29330,Retail,Yes
Burrell Co Enterprises,quicktransportsolutions.com,6984 Elingham Cir,Alexandria,VA,22315,Retail,Yes
J Sullivan Holdings Inc,,1092 St Georges Ave,Rahway,NJ,7065,Retail,Yes
Bucephalia Brothers LLC,,1006 Fir Ave,Oakes,ND,58474,Retail,Yes
Bowden Leather Co. LLC,bowdenleather.com,8227 DONIPHAN DR,Vinton,TX,79821,Retail,Yes
bedfordtack.com,bedfordtack.com,148 Edd Joyce Road,Bell Buckle,TN,37020,Retail,Yes
Valencia Sport Saddlery,valenciasaddlery.com,11355 Foothill Boulevard,Los Angeles,CA,91342,Retail,Yes
Ropes and More,,2654 Center St,Deer Park,TX,77536,Retail,Yes
Reynold's Chiropractic,,430 Wind Ridge Trail,Berne,IN,46711,"Health, Wellness and Fitness",Yes
Muleshoe Vet Supply,muleshoevetsupply.com,1430 US Hwy 84,Muleshoe,TX,79347,Veterinary,Yes
MILLIRON TACK AND FEED,millironmt.com,32069 CUTTING HORSE LN,POLSON,MT,59860,Retail,Yes
Benzinger on Health/Indy Health and Wellness Center,benzingeronhealth.com,11495 North Pennsylvania Street,Carmel,IN,46032,"Health, Wellness and Fitness",Yes
Greenville Veterinary Clinic,,305 N Ohio St,Greenville,OH,45331,Veterinary,Yes
"Gibson Chiropractic, PA",thegibsoncenter.com,93 Colt Square Drive,Fayetteville,AR,72703,"Health, Wellness and Fitness",Yes
Family Health,,118 Marcus Garvey Blvd,Brooklyn,NY,11206,Retail,Yes
E-Motion Therapy Massage Recliners,,8208 E Granada Rd,Scottsdale,AZ,85257,Retail,Yes
Creighton's Town and Country,,1625 S Avenue D,Portales,NM,88130,Retail,Yes
Chimpanzee Sanctuary Northwest,chimpsnw.org,305 East 1st Street,Cle Elum,WA,98922,Retail,Yes
West Main Animal Hospital,westmainanimalhospital.com,2216 West Main Street,Alhambra,CA,91801,Veterinary,Yes
Andrew Smith DC,,12300 Alternate AIA,Palm Beach Gardens,FL,33410,"Health, Wellness and Fitness",Yes
NVA,nva.com,1 Baxter Way,Westlake Village,CA,91362,Veterinary,Yes
Holistic Veterinary Center,calabasasanimalclinic.com,4937 Las Virgenes Road,Calabasas,CA,91302,Veterinary,Yes
Freeman Milling LLC - DBA Mize Supply,,PO Box 7,Mize,MS,39116,Retail,Yes
All Animals Veterinary Hospital,allanimals.info,2161 Highway 48 North,Dickson,TN,37055,Luxury Goods & Jewelry,Yes
WILLOUGHBY VET CLINIC,willoughbyveterinaryhospital.com,4685 WILLOUGHBY RD,Holt,MI,48842,Veterinary,Yes
Western Horseman,westernhorseman.com,2112 Montgomery Street,Fort Worth,TX,76107,Retail,Yes
Tuckerton Chiropractic,,1 Leifried Lane,Tuckerton,NJ,8087,"Health, Wellness and Fitness",Yes
Triple R Tack Inc,,625 Century Rd,Rapid City,SD,57701,Retail,Yes
Texas Tails Pet Resort & Pawtique,texas-tails.com,4500 Nichols,Bay City,TX,79407,Retail,Yes
Tackroom Products,tackroom-products.squarespace.com,253 Hempstead Tpke,Elmont,NY,11003,Retail,Yes
Seland Chiropractic,selandchiropractic.com,7350 Village Square Lane,Fishers,IN,46038,"Health, Wellness and Fitness",Yes
Saving Sunny,savingsunnyinc.org,8803 STONY FIEL,Louisville,KY,40218,Retail,Yes
Rafieh Pharmacy,rafiehpharmacy.com,70 Avenue A,New York,NY,10009,Retail,Yes
Paul Taylor Saddle Co,paultaylorsaddlecompany.com,7849 U.S. 377,Pilot Point,TX,76258,Retail,Yes
Mock Brothers Saddlery,mockbros.com,17441 West 9th Street,Sand Springs,OK,74063,Retail,Yes
Health Direct NY,healthdirectny.com,326 Roebling St,Brooklyn,NY,11211,Retail,Yes
Health Direct,healthyglee.com,326 Roebling St,Brooklyn,NY,11211,Retail,Yes
Hassinger Equine,hassingerequineservice.com,450 Addor Road,Aberdeen,NC,28315,Veterinary,Yes
Grizzly Mountain Blanket Service,,16470 SW hwy 126,Powell Butte,OR,97753,Retail,Yes
Robin Ridge Farm,robinridgeshowpigs.com,1281 W Co Rd 750S,Clay City,IN,47841,Retail,Yes
Colorado Animal Health,coloradoanimalhealth.com,3530 Stagecoach Rd,Longmont,CO,80504,Retail,Yes
Barrett Pharmacy,ruggedwest.com,145 N Main St,Watford City,ND,58854,"Health, Wellness and Fitness",Yes
Barrett Pharmacy,,145 N Main St,Watford City,CO,58854,Retail,Yes
Alternative Health Management,holistichoustondoctors.com,12900 QUEENSBURY LN,Houston,TX,77079,"Health, Wellness and Fitness",Yes
"ALL ANIMALS VETERINARY HOSPITAL, PLC",aavh-wbac.com,2161 HWY 48 N,Dickson,TN,37055,Veterinary,Yes
Agate Bay Animal Hospital,agatebayanimalhospital.com,580 National Avenue,Tahoe Vista,CA,96148,Veterinary,Yes
Kentucky Equine Hospital,Kentuckyequinehospital.com,9460 Shelbyville Rd ,Simpsonville,KY,40067,Veterinary,Yes
Countryside Animal Hospital,kycountrysidevet.com,2410 Kentucky 53,La Grange,KY,40031,Hospital & Health Care,Yes
"Beasley Equine Clinic, LLC",beasleyequineclinic.com,4600 US Hwy 45 N,Eldorado,Illinois,62930,Veterinary,Yes
Total Pet Care,totalpetcareny.com,780 Broadway Avenue,Holbrook,NY,11741,Retail,Yes
Central Vet Hospital,centralvet.net,300 Rushing Drive,Herrin,IL,62948,Veterinary,Yes
Next Level Sports Nutrition,nextlevelsn.com,2115 S Hurstbourne Pkwy.,Louisville,KY,40220,Retail,Yes
"Red Barn Feed and Supply, Inc.",redbarn1.com,12948 Okeechobee Boulevard,Loxahatchee,FL,33470,Retail,Yes
Michael V Tran,eventspluscorp.com,240 West Caldwell Ave,Visalia,CA,93277,Retail,Yes
Kent Nutrition Group,kentww.com,749 PO Box,Muscatine,IA,52761,Retail,Yes
Horseman's Supply,horsemansupply.com,2020 Fort Worth Hwy,Weatherford,TX,76086,Retail,Yes
Russell Feed & Supply,russellfeed.com,1817 U.S. 287,Decatur,TX,76234,Retail,Yes
Southern Veterinary Partners,svp.vet,2204 Lakeshore Drive,Birmingham,AL,35209,Veterinary,Yes
Pawlished Pet Supplies,pawlishedpetsupplies.com,157 Plaza Rd SW,Wise,Virginia,24293,Retail,Yes
Inland Vet Supply,inlandvetsupply.com,1237 6th Street,Norco,CA,92860,Veterinary,Yes
Lettleiki Icelandics,lettleikiicelandics.com,6105 Eminence Pike,Eminence,KY,40019,Farming,Yes
Balduf Cattle And Feed,,7407 County HIghway 134,Nevada,OH,44849,Retail,Yes
S+A Pet Supply,https://www.sa-pet-supply.com/,107 Cemetery Rd,Blairstown,NJ,7825,Retail,Yes
Elton Feed & Farm Supply,,6330 Alysworth Rd,Elton,LA,70532,Retail,Yes
Santa Cruz Biotechnology Inc,scbt.com,3600 Dry Creek Rd,Dallas,TX,75220,Retail,Yes
Skylight Supply ,,2704 Ridgewood Rd.,Goshen,KY,40031,Retail,Yes
Quarter Horse Ranch,quarter-horse-ranch.site123.me,8939 South Sepulveda Boulevard,Mt. View,HI,96771,Farming,Yes
Stablegear Tack,stablegeartack.com,18833 Hwy V V,Wentworth,Missouri,64873,Retail,Yes
Middle Path Acupuncture,middlepathacupuncture.net,502 North Anderson Street,Ellensburg,WA,98926,"Health, Wellness and Fitness",Yes
Klaes Chris J DC,klaesclinic.com,1400 West 2nd Street,Seymour,IN,47274,"Health, Wellness and Fitness",Yes
JT3Enterprises,jt3enterprises.com,2874 Veterans Drive,Pekin,IL,,Retail,Yes
Waynesville Veterinary Hospital,waynesvilleveterinaryhospital.com,7477 Township Line Road,Waynesville,OH,45068,Veterinary,Yes
Winchester Veterinary Clinic,winchestervetclinic.com,229 Cemetery Road,Canal Winchester,OH,43110,Veterinary,Yes
Gospel Wellness,gospelwellness.com,14114 Ave W,Lubbock,TX,79423,"Health, Wellness and Fitness",Yes
"Bottom Line Integrated Bodywork, LLC",Bottom-line-equine.com,4016 Halls Hill Rd.,Crestwood,KY,40014,"Health, Wellness and Fitness",Yes
Monument Spring LLC,monumentspring.com,15954 Jackson Creek Pkwy,Monument,CO,80132,Wholesale,Yes
Mark Farm Supply Inc.,https://www.markfarmsupply.com/,3135 Orange Rd.,Niles,MI,49120,Retail,Yes
James Taylor Sales,jamestaylorsales.com,25352 Shadywood,Laguna Niguel,CA,92677,Retail,Yes
Lawrence R. Smith D.C,,210 Woodard Valley Lane,Mars Hills,NC,28754,"Health, Wellness and Fitness",Yes
Lazy K Tack,,2828 Emerald Downs Drive,Auburn,WA,98071,Retail,Yes
Gypsy Treasure,,13221 Saddle Ridge Rd,Lakeside,CA,92040,Retail,Yes
Beneficial In Home Therapies,,21911 Arlene Drive,Magnolia,TX,78355,Retail,Yes
Back &  Body Clinic,,4826 North Meadow Ridge,McKinney,TX,75070,"Health, Wellness and Fitness",Yes
Stoughton Vet Services,,915 Mildred Ave,Edgerton,WI,53534,Veterinary,Yes
Pinkston's Turf Goods Inc,pinkstons.com,1098 West High Street,Lexington,KY,40508,Retail,Yes
WIlliam Braudt DC,,2306 7th Avenue,Canyon,TX,79015,"Health, Wellness and Fitness",Yes
Humane Society of Dover,,1619 US Hwy 79,Dover,TN,37058,Retail,Yes
Murfreesboro Chiropractic,,1535 W. Northfield Blvd,Murfreesboro,TN,37129,"Health, Wellness and Fitness",Yes
Simi Valley Animal Hospital,simivet.com,1317 East Los Angeles Avenue,Simi Valley,CA,93065,Veterinary,Yes
Brady Chiropractic & Wellness Center,bradywellness.com,3622 Frankfort Avenue,Louisville,KY,40207,"Health, Wellness and Fitness",Yes
Pain and Performance Solutions,,9900 Shelbyville RD suite 1A,Louisville,KY,40223,"Health, Wellness and Fitness",Yes
AAA Feed & Tack,aaafeed.com,11302 Stable Gate Lane,Tampa,FL,33626,Retail,Yes
Pain and Performance Solutions,painandperformancesolutions.org,102 Daventry Ln,Louisville,KY,40223,"Health, Wellness and Fitness",Yes
JPC Equestrian/Breeches.com,jpcequestrian.com,100 Hillside Dr,Drums,PA,18222,Retail,Yes
Country Gal's Market,https://countrygalsmarket.business.site/#summary,109 W Benton Suite A,Devine,TX,78016,Retail,Yes
IAS - Integrative Animal Solutions,iastn.com,7058 Hwy 127 N,Crossville,TN,38571,Veterinary,Yes
CRS Equestrian ,www.crsequine.com,3287 LaGrange Rd,,KY,40068,Farming,Yes
Animal Medical Center of Middletown ,bestvets.com,111 Huntington Ridge Drive,Louisville,KY,40223,Veterinary,Yes
Ocala Breeders Feed & Supply,obfs.com,6855 N Us Highway 27,Ocala,FL,34482,Retail,Yes
Country Lane Tack Store,countrylanetack.com,1665 Southwest Highway 484,Ocala,FL,34473,Retail,Yes
Funny Farm Nutrition,,4170 US Route 31,Franklin,IN,46131,Retail,Yes
Black Cat Ranch PEMF,,350 Beal Rd,Robbins,NC,27325,Retail,Yes
"Judy Reens, DVM",,960 Orchard Ct.,Pilot Hill,CA,95664,Veterinary,Yes
The Mill in Dresden / Dresden Feed,,16 E 7th street,Dresden,OH,43821,Retail,Yes
The Feed Store,,5810 Jonestown Rd,Harrisburg,PA,17112,Retail,Yes
Lomita Feed Inc.,,24403 Narbonne Avenue,Lomita,CA,90717,Retail,Yes
Douglas Chiropractic,,130 Hospital Dr,Camden,TN,38320,"Health, Wellness and Fitness",Yes
Crossroads Animal Hospital,,4210 Poplar Level Rd,Louisville,KY,40213,Veterinary,Yes
The Stone Institute,www.thestoneinstitute.com,2849 N Collierville Arlington Rd,Eads,TN,38028,Retail,Yes
Rainbow Blossom Springhurst,,3608 Springhurst Blvd,Louisville,KY,40241,Retail,Yes
Animal Care Clinic,,89 Central Lane,Parsons,TN,38363,Veterinary,Yes
Seacliff Tack Shop,,PO Box 71292,Richmond,CA,94807,Non-Profit Organization Management,Yes
A. Ed Cohen,,901 S Federal Hwy,Hallandale,FL,33009,Retail,Yes
Debbie Freeman,,107539 South 4550,Vian,OK,74962,Retail,Yes
Westport Chiropractic & Rehab,,4169 Westport Rd #107,Louisville,KY,40207,"Health, Wellness and Fitness",Yes
Tennessee Equine Hospital,tnequinehospital.com,1508 Thompson's Station Road West,Thompson's Station,TN,37179,Hospital & Health Care,Yes
"La Casa Saddlery, LLC.",lacasasaddlery.com,1312 N Perkins St #1,Appleton,WI,54914,Retail,Yes
Baum Equine Clinic,,1220 Union St,Shelbyville,TN,37160,Veterinary,Yes
Rood & Riddle Veterinary Pharmacy,rrvp.com,2150 Georgetown Road,Lexington,KY,40511,Veterinary,Yes
Country Animal Hospital,www.countryanimalvetlouisville.com,1707 Watterson Trail,Louisville,KY,40299,Veterinary,Yes
Northridge Chiropractic,,2206 Lafayette RD,Crawfordsvillle,IN,47933,"Health, Wellness and Fitness",Yes
All Creatures Great and Small,,1020 Industry Rd #2,Lexington,KY,40505,Veterinary,Yes
Cat Adoption Team of Stewart County,,1619 Hwy 79,Dover,TN,37058,Retail,Yes
Canyon Chiropractic,,2306 7th Ave,Canyon,TX,79015,"Health, Wellness and Fitness",Yes
Corro,corroshop.com,2650 Manana Dr,Dallas,TX,75220,Retail,Yes
David Yoder Wellness Center,,317 N El Camino Real Suite 201,Encinitas,CA,92024,"Health, Wellness and Fitness",Yes
"TC Sales, LLC",,5579 Hwy 67,Ruston,LA,71270,Retail,Yes
Andrea Kuperschmid DVM,,26 Downs Rd,,NY,11743,Veterinary,Yes
Texas Tech Therapeutic Riding Center,,5712 CR 1500,Lubbock,TX,79407,Retail,Yes
Custom Care Compounding Pharmacy,,124 Market Place,San Roman,CA,94583,Retail,Yes
Needs4Steeds,,97333 Colonel Jordan Rd,Hermiston,OR,97838,Retail,Yes
Trinity Nutrition Center,,92 Commerce Dr,Wyomissing,PA,19610,Retail,Yes
Haraway Veterinary Clinic,,1401 W Redwood,Sallisaw,OK,74955,Veterinary,Yes
South Meadow Animal Clinic PC,southmeadowanimalclinic.com,3020 Sycamore School Road,Fort Worth,TX,76133,Veterinary,Yes
Bay City Farm and Ranch Supply,,920 Highway 60 N,Bay City,TX,77414,Retail,Yes
Woodford Feed,,498 Lexington RD,Versailles,KY,40383,Retail,Yes
Horse Cents,,199 Markham,Versailles,KY,40383,Retail,Yes
S & S Farm Supply,,654 Mary Richardson Rd,Wray,GA,31798,Retail,Yes
Y City Feed And Supply,,1948 E Pike,Zanesville,OH,43701,Retail,Yes
Country Village Animal Clinic,,21020  Highway 2,Centerville,Iowa,52544,Veterinary,Yes
Jeffreys Drug Store,jeffreysdrugstore.com,1 North Central Avenue,Canonsburg,PA,15317,Retail,Yes
"Mary Brown, DVM",,15248 88th Ave SE,Yelm,WA,98597,Veterinary,Yes
Stoltzfus Feed and Supply,stoltzfusfeed.com,80 Pennsylvania 41,Gap,PA,17527,Retail,Yes
Ah HA Wellness Spa,,5159 N Thompson Trail,Merecer,WI,54547,"Health, Wellness and Fitness",Yes
Minard Movement Chiropractic,,12110 Ashford Dr Ste 200,Yukon,OK,73099,"Health, Wellness and Fitness",Yes
Feed Right Pet Food Inc,,10050 West Bell Rd Ste #49,Sun City,AZ,85351,Retail,Yes
Shuck Fence,shuckfence.com,704 Mount Eden Road,Shelbyville,KY,40065,Retail,Yes
Local Chiropractic Co,,931 IH  35 Business  Ste #200,New Braunfels,TX,78130,"Health, Wellness and Fitness",Yes
TBM Genetics,,9632 West 350 North,Otterbein,Indiana,47970,Retail,Yes
Shafer Farms,showstocktherapies.com,33134 220th St,Grimes,IA,50111,Farming,Yes
Winners Circle,wcircle.com,603 Evans Saint Po Box 926,Shelbyville,TN,37162,Retail,Yes
The Hitching Post Tack Shop,hitchingposttack.om,11403Main St #190,Middletown,KY,40243,Retail,Yes
Dr Mary Traverse DC,,8133 Mesa DR # 103,Austin,TX,78759,"Health, Wellness and Fitness",Yes
Country Critters,,5985 N Dixie Hwy,Elizabethtown,KY,42702,Retail,Yes
Organic Emporium,,2918 N Laurent St,Victoria,TX,77901,Retail,Yes
Sims Feed & Supply,www.simsfeedandsupply.com,16001 145th Trail,Sweet Springs,MO,65351,Retail,Yes
Unity Equine and Livestock Services,,1158 CR 23.5,Brighton,CO,80603,Retail,Yes
Veterinary Alternatives,www.veterinaryalternatives.com,21 E. Ridgeway,Centerville,OH,45459,Veterinary,Yes
Orchard Country Store,orchardcountrystore.com,1007 E State Rd 42,Mooresville,IN,46158,Retail,Yes
Wolff Chiropractic Clinic,http://www.wolffchiroclinic.com/,2150 Ed F Davis Rd,Durant,OK,74701,"Health, Wellness and Fitness",Yes
Wishing You Well,,12612 Nacogdoches RD,San Antonio,TX,78217,Retail,Yes
Tin Woof Inn,https://tinwoofinn.com/,110 Northgate Dr,Frankfort,KY,40601,Retail,Yes
Dr Ann Lindahl,,4150 Belair Lane,Naples,FL,34103,"Health, Wellness and Fitness",Yes
Integrative Age Management Medicine,,3703 Taylorsville Rd,Louisville,KY,40220,"Health, Wellness and Fitness",Yes
Elevate Health & Wellness,elevategreenville.com,700 Squires Point Suite B,Duncan,SC,29334,Retail,Yes
"Donovan Boykin, DC",,350 W KIOWA Ave,Elizabeth,CO,80107,"Health, Wellness and Fitness",Yes
"Richard Bailey, DC",,15223 Herriman Blvd,Noblesville,IN,46060,Retail,Yes
Stages Of Life Medical,suffernomore.com,1917 Boothe Circle,Longwood,FL,32750,"Health, Wellness and Fitness",Yes
Rainbow Blossom New Albany,,3738 Lexington Rd.,New Albany,IN,47150,Retail,Yes
Rainbow Blossom St Mathews,,3738 Lexington Rd.,St Matthews,KY,40207,Retail,Yes
Rainbow Blossom Highlands,https://www.rainbowblossom.com/,3046 Bardstown Rd,Louisville,KY,40207,Retail,Yes
Makin Waves PEMF,,10711 Watson Rd.,Hanover,MI,49241,Retail,Yes
L2 Feed Supply,,106 Eagle Ave,Kremmling,CO,80459,Veterinary,Yes
Jensen Enterprises,,810 Blake St.,Enumclaw,WA,98022,Retail,Yes
Institute For Integrative Medicine,,205 Townepark Circle,Louisville,KY,40243,"Health, Wellness and Fitness",Yes
Harmon Family Chiropractic,,2602 Newton St.,Jasper,IN,47546,"Health, Wellness and Fitness",Yes
Maximus The Gym,ellensburggym.com,427 N Main St,Ellensburg,WA,98926,"Health, Wellness and Fitness",Yes
NuMedX,,313 N Main St.,Punxsatawney,PA,15767,"Health, Wellness and Fitness",Yes
D & R Rescue,,21336 East Terre Haute Rd,Paris,IL,61944,Retail,Yes
"Birch Lane Therapeutics, Inc",,7373 Timm Rd,Vacaville,CA,95688,Retail,Yes
SLS Performance PEMF,,3175 Autry Highway,Roseboro,NC,28382,Retail,Yes
"Southeast Feed,LLC",,2211 NE Lincoln RD,Idabel,OK,74745,Retail,Yes
Zen Horse Saddlery,zenhorsesaddlery.com,311 N College St Apt 52,Woodland,CA,95695,Retail,Yes
Ironheadz Sports Nutrition,,500 WInchester Ave # 430A,Ashland,KY,41101,Retail,Yes
Feeders Supply Ft. Mitchell,,2180 Dixie Highway,Ft. Mitchell,KY,41017,Retail,Yes
"Rooted Healing, LLC",,7101 Top Run Way,Star,ID,83669,Retail,Yes
Scroggins Animal Hospital,,1259 S Eastern Ave,Moore,OK,73160,Veterinary,Yes
Park Equine Hospital,www.parkequinehospital.com,3550 Lexington RD,Versailles,KY,40383,Veterinary,Yes
Country Veterinary Clinic,cvcmi.com,2750 N. Stiles RD.,Ludington,MI,49431,Veterinary,Yes
Essence Equine,,517 Road 2,Shickley,NE,68436,Retail,Yes
Advanced Performance Chiropractic & Massage LLC,,1942 B Old US Highway 66,Edgewood,NM,87015,"Health, Wellness and Fitness",Yes
Downtown Apothecary,,22820 Cougar Street,Perris,CA,92570,Retail,Yes
Burkmann Feeds,,1111 Perryville Rd,Danville,KY,40422,Retail,Yes
Hoof N Paw Pet Supplies,,841 Eastern ByPass,Richmond,KY,40475,Retail,Yes
Bluegrass Family Chiro,,434 W Walnut St.,Danville,KY,40484,"Health, Wellness and Fitness",Yes
Kilgore Veterinarian Associates,,3403 S Henderson Blvd,Kilgore,TX,75662,Veterinary,Yes
Central Valley Ag,,PO BOX 429,York,NE,68467,Retail,Yes
National Ropers Supply,nrsworld.com,4650 U.S. 287,Decatur,TX,76234,Sporting Goods,Yes
Maverick Distributors,,14951 E 112th Ave,Brighton,CO,80603,Retail,Yes
Healthy pets,healthypets.com,34501 7th St,Union City,CA,94587,Retail,Yes
Ferguson Tack Store,fergusontack.com,14008 East Tucker Rd,Ocean Springs,MS,39565,Retail,Yes
Tomlinson's Feed and Pets ,tomlinsons.com,2303 Ranch Road 620 S #180,Austin,TX,78751,Retail,Yes
Teskey's Saddle Shop,teskeys.com,3001 Interstate 20,Weatherford,TX,76087,Retail,Yes
Cooper's Country Store,cooperscountrystore.com,861 South Graham Avenue,Stephenville,TX,76401,Retail,Yes
Rainbow Blossom - Middletown,,12232 Shelbyville Road,Louisville,KY,40243,Retail,Yes
Valley Vet,valleyvet.com,1118 Pony Express Highway,Marysville,KS,66508,Retail,Yes
Rocky Lane Tibbs,,26986 Bad River Rd,Ft. Pierre,SD,57532,Retail,Yes
South Texas Tack,https://www.southtexastack.com/,4765 Highway 290 East,Brenham,TX,77833,Retail,Yes
Smart Pak Equine,www.smartpakequine.com,40 Grissom Rd,Plymouth,MA,2360,Retail,Yes
Santa Cruz Biotechnology,www.scbt.com,10444 North Stemmons Freeway,Santa Cruz,CA,95060,Retail,Yes
Raining Sun Ranch/Jodi MacDonald,,12453 N Antelope Run Rd,Prescott,AZ,86305,Farming,Yes
LeClair Cattle Company,,7528 Hwy 287,Lander,WY,82520,Farming,Yes
Gem Lamb,,215 Trenckmann Rd,Sealy,TX,77474,Retail,Yes
Hitchin Post Trailer & Tractor Sales,,39285 US Hwy 24,Lake George,CO,80827,Retail,Yes
Jeff Haylett,,1609 Graveyard Point,Homedale,ID,83628,Retail,Yes
Martin Harrison,,1021 Rambling Oaks Ln,Weatherford,TX,76088,Retail,Yes
For Goodness Sake,,1306 Common St.,New Braunfels,TX,78130,Retail,Yes
The Feed Bucket,www.feedbucketkentucky.com,6791 Shelbyville Rd.,SImpsonville,KY,40067,Retail,Yes
Farmvet,farmvet.com,549 Mount Hope Street,Franklin,TN,37069,Retail,Yes
Dynamic Thermographics & Equine Therapeutics,,1 Crestwood Dr,Kimball,NE,69145,Retail,Yes
Double C Bar Paints & Quarter Horses,,4443 Gardner Ln,Florence,MT,59833,Farming,Yes
D-D Feed,https://www.ddfeed.com,16915 Farm to Market 2920,Tomball,TX,77377,Retail,Yes
Doris Boyd,,5324 Sonora Way,Carmichael,CA,95608,Retail,Yes
Bellflower Feed Mill,,100 N Latcha St,Bellflower,IL,61724,Retail,Yes
American K9 Country,,336 Route 101,Amherst,NH,3031,Retail,Yes
Ag Plus,agplusinc.com,401 North Main Street,South Whitley,IN,46787,Retail,Yes
JockeyTack,jockeytack.com,901 South Federal Highway,Hallandale Beach,FL,33008,Retail,Yes
Coopers Old Time Pit BBQ,www.coopersbbqllano.com,604 West Young Street,Llano,TX,78643,Retail,Yes
Tommy's Feed Store,,1821 Industrial Dr.,Ruston,LA,71270,Retail,Yes
Three Dog Bakery,,7212 Post Oak Dr.,North Richland Hills,TX,76182,Retail,Yes
Thar's Feed & Ranch,https://horse-tack-stores.cmac.ws/thars-feed-ranch-supply-inc/891/,100 S. Burma Ave,Gillette,WY,82716,Retail,Yes
Stroh Farm Supply,,4105 S 1180th E,Stroh,IN,46789,Retail,Yes
Sue's Pawn & Tack,,200 E. Sevier,Benton,AR,72015,Retail,Yes
S & S Horseshoeing,,560 US Hwy 87 S,Cuero,TX,77954,Retail,Yes
Give A Chance Boutique,,711 Main St,Shelbyville,KY,40066,Retail,Yes
Rafter Eleven Tack & Supply,,9 Lariat Dr.,Parkman,WY,82838,Retail,Yes
Paul's Vet Supply,,2005 SE Main St.,Roswell,NM,88203,Retail,Yes
Nelson Hardware & Supplies,,115 S Main St,Cave Springs,AR,72718,Retail,Yes
Natural Health Center LLC,,62114 Atwood St.,District Heights,MD,20748,"Health, Wellness and Fitness",Yes
Old Trail Supply,,813 Old Trail Rd,Port Trevorton,PA,17864,Retail,Yes
The Madl Company,,350 Kaw Lane East,Lake Quivira,KS,66217,Retail,Yes
Lucky Run Ranch,,2430 S. Meridian Rd.,Kuna,ID,83634,Farming,Yes
KBC International,kbchorsesupplies.com,140 Venture Court,Lexington,KY,40511,Retail,Yes
Health Partners Inc.,,3085 N. Cole Rd. ,Boise,ID,83704,"Health, Wellness and Fitness",Yes
Health First,,8400 E Prentice Ave,Greenwood Village,CO,80111,"Health, Wellness and Fitness",Yes
Hamby Haven ShowPigs,hambyhavenshowpigs.com,13503 National Pike,Clear Spring,MD,21722,Farming,Yes
Gould Vet Clinic,,1927 Hayes Ave,Meeteetse,WY,82433,Veterinary,Yes
"Getty Equine Nutrition, LLC",gettyequinenutrition.com,3828 Blain Highway,Waverly,OH,45690,Retail,Yes
Audra Fuller,,427 N Main St.,Ellensburg,WA,98926,"Health, Wellness and Fitness",Yes
Rainbow Blossom Inc,rainbowblossom.com,3738 Lexington Rd,Louisville,KY,40207,Retail,Yes
East Shore Animal Hospital,,26285 East Shore Dr,Edwardsburg,MI,49112,Veterinary,Yes
Complete Feed Service,completefeedservice.com,3 Natural Way,Sharon,WI,53585,Retail,Yes
Callahan County Farmer's Co-Op,,200 East 1st St,Baird,TX,79504,Retail,Yes
Affinity Corporate Service,,5413 Pawnee Trail,Louisville,KY,40207,Retail,Yes
Willamette Valley Equine Veterinary Services,willamettevalleyequine.com,9130 Southwest Pioneer Court,Wilsonville,OR,97070,Veterinary,Yes
Timbercreek Acres,timbercreekacres.net,1499 Jongoil Meadow Dr.,Cincinnati,OH,,Retail,Yes
Wagner's Pharmacy,wagnerspharmacy.com,3113 South 4th Street,Louisville,KY,40214,Retail,Yes
Victoria Farm & Ranch ,victoriafarmeq.com,2501 Callis St,Victoria,TX,77901,Retail,Yes
Valkyre Stud,valkyrestud.com,2717 Long Lick Pike,Georgetown,KY,40324,Veterinary,Yes
Seminole Feed,seminolefeed.com,335 Northeast Watula Avenue,Ocala,FL,34470,Retail,Yes
No Junk Julie's,,281 Coolers Dairy Rd.,Walterboro,SC,29488,Retail,Yes
Mission Village Animal Clinic,missionvillageanimalclinic.com,16843 Q Street,Omaha,NE,68135,Hospital & Health Care,Yes
"Mistified Massage, LLC",,12907 Bighorn Rd,Whitewood,SD,57793,Retail,Yes
"Marta Lohman, DVM",,2511 Mardell Way,Mountain View,CA,94043,Veterinary,Yes
Leanin' Pole Arena,leaninpolearena.com,749 North Dakota 22,Killdeer,ND,58640,Retail,Yes
Active Health TN,activehealthtn.com,3012 CENTRE OAK WAY,Germantown,TN,38138,Retail,Yes
"Hopedale Agri Center,",hacfeeds.com,615 Illinois 122,Hopedale,IL,61747,Retail,Yes
Green Jay Sports Medicine,greenjayhealth.com,204 Penelope Street,Belton,TX,76513,"Health, Wellness and Fitness",Yes
Fallon Farrier Supply,fallonfarriersupply.wordpress.com,60 29th Street,Fallon,NV,89406,Retail,Yes
Excel Equine Feeds,excelequinefeeds.com,165 N Clay St.,Shelbvyille,KY,40065,Retail,Yes
Eden's Market,edens-market.com,99 Alfred Street,Pittsburgh,PA,15228,Retail,Yes
Desoto Town & Country,desototnc.com,2379 Highway 171,Stonewall,LA,71078,Retail,Yes
California Animal Rehabilitation,calanimalrehab.com,2237 Colby Avenue,Los Angeles,CA,90064,Veterinary,Yes
Brush Country Supply,,2004 Hwy 97 W,Pleasanton,TX,78064,Retail,Yes
Borderbrook Animal Hospital & Pet Hotel,,3741 William Penn Hwy,Murrysville,PA,15668,Veterinary,Yes
Better Living Natural Foods,,1706 Highway 70 W,Camden,TN,38320,Retail,Yes
Alta Vista Animal Hospital,altavistaah.com,3860 Golden Triangle Boulevard,Fort Worth,TX,76244,Veterinary,Yes
All Star Sales,,1487 Buchanan Ave,Sioux City,IA,51106,Retail,Yes
Advanced Wellness Center,awellness.com,800 E Cypress Creek Rd,Fort Lauderdale,FL,33334,Retail,Yes
Adams Saddlery,,722 E. Tacony Dr.,Pueblo West,CO,81007,Retail,Yes
Merrits Creek Veterinary Center,merrittscreekvet.com,6474 Merritts Creek Rd,Huntington,WV,25702,Veterinary,Yes
Seven Oaks Veterinary Clinic,sevenoaksveterinaryclinic.com,2664 North Oak Drive,Plymouth,IN,46563,Hospital & Health Care,Yes
2nd Avenue Animal Hospital,2ndavenuevet.com,4025 2nd Avenue,Columbus,GA,31904,Veterinary,Yes
Scatter Creek Animal Clinic,scattercreekanimalclinic.com,7430 183rd Avenue Southwest,Rochester,WA,98579,Veterinary,Yes
Roche Equine Veterinary Services PA,rocheequine.com,3715 Vista Grande Lane,Twin Falls,ID,83301,Professional Training & Coaching,Yes
RANGE VIEW EQUINE ASSOCIATES,rangeviewequine.com,14210 Eastonville Road,Elbert,CO,80106,Veterinary,Yes
Pine Creek Veterinary Clinic,pinecreekvetclinic.net,128 New Mohawk Rd.,Nevada City,CA,95959,Veterinary,Yes
"Pet Wellness Clinic,",petwellnessclinic.net,2787 North Highland Avenue,Jackson,TN,38305,Veterinary,Yes
Overgaard Animal Clinic,overgaardanimal.com,2845 AZ-260,Overgaard,AZ,85933,Veterinary,Yes
Orchard Veterinary Care,orchardvetcare.net,45 Orchard Rd.,Wilmington,OH,45177,Veterinary,Yes
Noblesville Veterinary Clinic,noblesvillevetclinic.com,3355 Conner Street,Noblesville,IN,46060,Veterinary,Yes
Moorpark Veterinary Hospital,moorparkvet.com,484 East Los Angeles Avenue,Moorpark,CA,93021,Veterinary,Yes
Mojave River Equine Veterinary Service,mojaveriverequine.com,9515 Mesa Vista St.,Apple Valley,CA,92308,Hospital & Health Care,Yes
Mesa Veterinary Clinic,mesavetclinic.com,1124 20th Lane,Pueblo,CO,81006,Veterinary,Yes
Medi-Vet Animal Health LLC,medi-vet.com,69142 Louisiana 59,Mandeville,LA,70471,Retail,Yes
McDonald Veterinary Clinic,,7749 East US Hwy 150,Hardinsburg,IN,47125,Veterinary,Yes
McCulloch County Veterinary Hospital,mccullochcovet.com,2612 South Bridge Street,Brady,TX,76825,Veterinary,Yes
Maryland Veterinary Group,mdvetgroup.com,PO BOX 1093,Cypress,TX,77429,Veterinary,Yes
Chicago Equine Medical Center,chicagoequine.com,26996 North Darrell Road,Wauconda,IL,60084,Veterinary,Yes
Mandak Veterinary Services,mandakvet.com,67 MIDDLELINE RD,Ballston Spa,NY,12020,Hospital & Health Care,Yes
Kettle Moraine Equine Hospital,kmeh-redc.com,N8818 Wisconsin 67,Whitewater,WI,53190,Veterinary,Yes
Johnson Animal Clinic,johnsonanimalclinic.com,3838 Taylorsville Road,Louisville,KY,40220,Hospital & Health Care,Yes
Countryside Vet Clinic,,901 N Interstate 35,Red Oak,TX,75754,Veterinary,Yes
Houston Zoo,houstonzoo.org,6200 Hermann Park Drive,Houston,TX,77030,Veterinary,Yes
Healing Hope,healinghope.net,511 South Cedros Avenue,Solana Beach,CA,92075,Veterinary,Yes
Diamond H Veterinary Service,diamondhvet.com,1800 E 1550 N,Covington,IN,47932,Veterinary,Yes
KING STREET PET HOSPITAL,kingstreetpethospital.com,2016 South King Street,Honolulu,HI,96826,Veterinary,Yes
Frankfort Vet Clinic,frankfortvetclinic.com,715 E Main St,Frankfort,KY,40621,Veterinary,Yes
Fairborn Animal Hospital DBA Emerald Vet Practice,fairbornanimalhospital.com,2116 Park Hills Drive,Fairborn,OH,45324,Veterinary,Yes
Kentucky Equine Medical Associates,kentuckyequinemed.com,4210 SOUTHERN PKY,Louisville,KY,40214,Veterinary,Yes
"Crossroads Veterinary Services, Inc.",crossroadsvetwyo.com,1370 U.S. 87,Glenrock,WY,82637,Veterinary,Yes
Cordova Station Animal Hospital,petpatchr.com,989 North Germantown Parkway,Memphis,TN,38018,Veterinary,Yes
Cleary Lake Veterinary Hospital,clearylakevets.com,18577 Natchez Avenue,Prior Lake,MN,55372,Veterinary,Yes
Bynum Vet,bynumvet.com,165 Willow Bend Rd,Benton,LA,71006,Veterinary,Yes
Blue Ash Montgomery Pet Hospital,blueashmontgomerypethospital.com,10795 Montgomery Road,Cincinnati,OH,45242,Veterinary,Yes
Bristow Veterinary Hospital,bristowveterinaryhospital.com,37118 Oklahoma 16,Bristow,OK,74010,Hospital & Health Care,Yes
Western Hills Veterinary Clinic,westernhillsvetclinic.com,5622 Mosiman Road,Middletown,OH,45042,Veterinary,Yes
Bowman animal hospital,bowmananimalhospital.com,8308 Creedmoor Road,Raleigh,NC,27613,Veterinary,Yes
Natural Holistic Health Care,naturalholistic.com,751 NE 168th St,North Miami Beach,FL,33162,Veterinary,Yes
Bardstown Veterinary Clinic,bardstownvet.com,1210 North 3rd Street,Bardstown,KY,40004,Hospital & Health Care,Yes
Aspen Equine Clinic,aspenequineclinic.com,6858 Day Rd,Windsor,CA,95492,Veterinary,Yes
VCA Animal Hospitals - Van Nuys,vcahospitals.com,12401 West Olympic Boulevard,Los Angeles,CA,90064,Veterinary,Yes
Animals in Motion,animalsinmotionvet.com,1455 Walnut Hill Rd,Lexington,KY,40591,Veterinary,Yes
Animal Hospital Of Gurnee PC,ahog.us,38028 North Dilleys Road,Wadsworth,IL,60083,Veterinary,Yes
Animal Care Clinic IL,,1228 Vega St,Marshall,IL,62441,Veterinary,Yes
Animal Care Clinic - IL,,17275 N   1800 St.,Marshall,IL,62441,Veterinary,Yes
Animal Care Clinic Hospital -Huntsville,animalcareclinic.com,11351 Memorial Parkway Southwest,Huntsville,AL,35803,Hospital & Health Care,Yes
Animal Hospital at Tatum Ranch,tatumranchvet.com,29605 North Cave Creek Road,Cave Creek,AZ,85331,Veterinary,Yes
Angel Cats,angelcats.net,5683 Beaurivage Avenue,Sarasota,FL,34243,Veterinary,Yes
